{
  "$schema": "http://json-schema.org/draft-07/schema#",
  "title": "AssetInfoRaw",
  "oneOf": [
    {
      "type": "object",
      "required": [
        "Token"
      ],
      "properties": {
        "Token": {
          "type": "object",
          "required": [
            "contract_addr"
          ],
          "properties": {
            "contract_addr": {
              "$ref": "#/definitions/CanonicalAddr"
            }
          }
        }
      },
      "additionalProperties": false
    },
    {
      "type": "object",
      "required": [
        "NativeToken"
      ],
      "properties": {
        "NativeToken": {
          "type": "object",
          "required": [
            "denom"
          ],
          "properties": {
            "denom": {
              "type": "string"
            }
          }
        }
      },
      "additionalProperties": false
    }
  ],
  "definitions": {
    "Binary": {
      "description": "Binary is a wrapper around Vec<u8> to add base64 de/serialization with serde. It also adds some helper methods to help encode inline.\n\nThis is only needed as serde-json-{core,wasm} has a horrible encoding for Vec<u8>",
      "type": "string"
    },
    "CanonicalAddr": {
      "$ref": "#/definitions/Binary"
    }
  }
}
