{
  "$schema": "http://json-schema.org/draft-07/schema#",
  "title": "PairInfoRaw",
  "type": "object",
  "required": [
    "asset_decimals",
    "asset_infos",
    "contract_addr",
    "liquidity_token"
  ],
  "properties": {
    "asset_decimals": {
      "type": "array",
      "items": {
        "type": "integer",
        "format": "uint8",
        "minimum": 0.0
      },
      "maxItems": 2,
      "minItems": 2
    },
    "asset_infos": {
      "type": "array",
      "items": {
        "$ref": "#/definitions/AssetInfoRaw"
      },
      "maxItems": 2,
      "minItems": 2
    },
    "contract_addr": {
      "$ref": "#/definitions/CanonicalAddr"
    },
    "liquidity_token": {
      "$ref": "#/definitions/CanonicalAddr"
    }
  },
  "definitions": {
    "AssetInfoRaw": {
      "oneOf": [
        {
          "type": "object",
          "required": [
            "Token"
          ],
          "properties": {
            "Token": {
              "type": "object",
              "required": [
                "contract_addr"
              ],
              "properties": {
                "contract_addr": {
                  "$ref": "#/definitions/CanonicalAddr"
                }
              }
            }
          },
          "additionalProperties": false
        },
        {
          "type": "object",
          "required": [
            "NativeToken"
          ],
          "properties": {
            "NativeToken": {
              "type": "object",
              "required": [
                "denom"
              ],
              "properties": {
                "denom": {
                  "type": "string"
                }
              }
            }
          },
          "additionalProperties": false
        }
      ]
    },
    "Binary": {
      "description": "Binary is a wrapper around Vec<u8> to add base64 de/serialization with serde. It also adds some helper methods to help encode inline.\n\nThis is only needed as serde-json-{core,wasm} has a horrible encoding for Vec<u8>",
      "type": "string"
    },
    "CanonicalAddr": {
      "$ref": "#/definitions/Binary"
    }
  }
}
