{
  "contract_name": "terraswap-pair",
  "contract_version": "1.0.1",
  "idl_version": "1.0.0",
  "instantiate": {
    "$schema": "http://json-schema.org/draft-07/schema#",
    "title": "InstantiateMsg",
    "type": "object",
    "required": [
      "asset_decimals",
      "asset_infos",
      "fee_collector_addr",
      "pair_type",
      "pool_fees",
      "token_code_id"
    ],
    "properties": {
      "asset_decimals": {
        "type": "array",
        "items": {
          "type": "integer",
          "format": "uint8",
          "minimum": 0.0
        },
        "maxItems": 2,
        "minItems": 2
      },
      "asset_infos": {
        "description": "Asset infos",
        "type": "array",
        "items": {
          "$ref": "#/definitions/AssetInfo"
        },
        "maxItems": 2,
        "minItems": 2
      },
      "fee_collector_addr": {
        "type": "string"
      },
      "pair_type": {
        "description": "The type of pair to create",
        "allOf": [
          {
            "$ref": "#/definitions/PairType"
          }
        ]
      },
      "pool_fees": {
        "$ref": "#/definitions/PoolFee"
      },
      "token_code_id": {
        "description": "Token contract code id for initialization",
        "type": "integer",
        "format": "uint64",
        "minimum": 0.0
      }
    },
    "additionalProperties": false,
    "definitions": {
      "AssetInfo": {
        "description": "AssetInfo contract_addr is usually passed from the cw20 hook so we can trust the contract_addr is properly validated.",
        "oneOf": [
          {
            "type": "object",
            "required": [
              "token"
            ],
            "properties": {
              "token": {
                "type": "object",
                "required": [
                  "contract_addr"
                ],
                "properties": {
                  "contract_addr": {
                    "type": "string"
                  }
                },
                "additionalProperties": false
              }
            },
            "additionalProperties": false
          },
          {
            "type": "object",
            "required": [
              "native_token"
            ],
            "properties": {
              "native_token": {
                "type": "object",
                "required": [
                  "denom"
                ],
                "properties": {
                  "denom": {
                    "type": "string"
                  }
                },
                "additionalProperties": false
              }
            },
            "additionalProperties": false
          }
        ]
      },
      "Decimal": {
        "description": "A fixed-point decimal value with 18 fractional digits, i.e. Decimal(1_000_000_000_000_000_000) == 1.0\n\nThe greatest possible value that can be represented is 340282366920938463463.374607431768211455 (which is (2^128 - 1) / 10^18)",
        "type": "string"
      },
      "Fee": {
        "type": "object",
        "required": [
          "share"
        ],
        "properties": {
          "share": {
            "$ref": "#/definitions/Decimal"
          }
        },
        "additionalProperties": false
      },
      "PairType": {
        "oneOf": [
          {
            "type": "string",
            "enum": [
              "constant_product"
            ]
          },
          {
            "type": "object",
            "required": [
              "stable_swap"
            ],
            "properties": {
              "stable_swap": {
                "type": "object",
                "required": [
                  "amp"
                ],
                "properties": {
                  "amp": {
                    "description": "The amount of amplification to perform on the constant product part of the swap formula.",
                    "type": "integer",
                    "format": "uint64",
                    "minimum": 0.0
                  }
                },
                "additionalProperties": false
              }
            },
            "additionalProperties": false
          }
        ]
      },
      "PoolFee": {
        "description": "Fees used by the pools on the pool network",
        "type": "object",
        "required": [
          "burn_fee",
          "protocol_fee",
          "swap_fee"
        ],
        "properties": {
          "burn_fee": {
            "$ref": "#/definitions/Fee"
          },
          "protocol_fee": {
            "$ref": "#/definitions/Fee"
          },
          "swap_fee": {
            "$ref": "#/definitions/Fee"
          }
        },
        "additionalProperties": false
      }
    }
  },
  "execute": {
    "$schema": "http://json-schema.org/draft-07/schema#",
    "title": "ExecuteMsg",
    "oneOf": [
      {
        "description": "Used to trigger the [Cw20HookMsg] messages",
        "type": "object",
        "required": [
          "receive"
        ],
        "properties": {
          "receive": {
            "$ref": "#/definitions/Cw20ReceiveMsg"
          }
        },
        "additionalProperties": false
      },
      {
        "description": "Provides liquidity to the pool",
        "type": "object",
        "required": [
          "provide_liquidity"
        ],
        "properties": {
          "provide_liquidity": {
            "type": "object",
            "required": [
              "assets"
            ],
            "properties": {
              "assets": {
                "type": "array",
                "items": {
                  "$ref": "#/definitions/Asset"
                },
                "maxItems": 2,
                "minItems": 2
              },
              "receiver": {
                "type": [
                  "string",
                  "null"
                ]
              },
              "slippage_tolerance": {
                "anyOf": [
                  {
                    "$ref": "#/definitions/Decimal"
                  },
                  {
                    "type": "null"
                  }
                ]
              }
            },
            "additionalProperties": false
          }
        },
        "additionalProperties": false
      },
      {
        "description": "Swap an offer asset to the other",
        "type": "object",
        "required": [
          "swap"
        ],
        "properties": {
          "swap": {
            "type": "object",
            "required": [
              "offer_asset"
            ],
            "properties": {
              "belief_price": {
                "anyOf": [
                  {
                    "$ref": "#/definitions/Decimal"
                  },
                  {
                    "type": "null"
                  }
                ]
              },
              "max_spread": {
                "anyOf": [
                  {
                    "$ref": "#/definitions/Decimal"
                  },
                  {
                    "type": "null"
                  }
                ]
              },
              "offer_asset": {
                "$ref": "#/definitions/Asset"
              },
              "to": {
                "type": [
                  "string",
                  "null"
                ]
              }
            },
            "additionalProperties": false
          }
        },
        "additionalProperties": false
      },
      {
        "description": "Updates the pair pool config",
        "type": "object",
        "required": [
          "update_config"
        ],
        "properties": {
          "update_config": {
            "type": "object",
            "properties": {
              "feature_toggle": {
                "anyOf": [
                  {
                    "$ref": "#/definitions/FeatureToggle"
                  },
                  {
                    "type": "null"
                  }
                ]
              },
              "fee_collector_addr": {
                "type": [
                  "string",
                  "null"
                ]
              },
              "owner": {
                "type": [
                  "string",
                  "null"
                ]
              },
              "pool_fees": {
                "anyOf": [
                  {
                    "$ref": "#/definitions/PoolFee"
                  },
                  {
                    "type": "null"
                  }
                ]
              }
            },
            "additionalProperties": false
          }
        },
        "additionalProperties": false
      },
      {
        "description": "Collects the Protocol fees accrued by the pool",
        "type": "object",
        "required": [
          "collect_protocol_fees"
        ],
        "properties": {
          "collect_protocol_fees": {
            "type": "object",
            "additionalProperties": false
          }
        },
        "additionalProperties": false
      }
    ],
    "definitions": {
      "Asset": {
        "type": "object",
        "required": [
          "amount",
          "info"
        ],
        "properties": {
          "amount": {
            "$ref": "#/definitions/Uint128"
          },
          "info": {
            "$ref": "#/definitions/AssetInfo"
          }
        },
        "additionalProperties": false
      },
      "AssetInfo": {
        "description": "AssetInfo contract_addr is usually passed from the cw20 hook so we can trust the contract_addr is properly validated.",
        "oneOf": [
          {
            "type": "object",
            "required": [
              "token"
            ],
            "properties": {
              "token": {
                "type": "object",
                "required": [
                  "contract_addr"
                ],
                "properties": {
                  "contract_addr": {
                    "type": "string"
                  }
                },
                "additionalProperties": false
              }
            },
            "additionalProperties": false
          },
          {
            "type": "object",
            "required": [
              "native_token"
            ],
            "properties": {
              "native_token": {
                "type": "object",
                "required": [
                  "denom"
                ],
                "properties": {
                  "denom": {
                    "type": "string"
                  }
                },
                "additionalProperties": false
              }
            },
            "additionalProperties": false
          }
        ]
      },
      "Binary": {
        "description": "Binary is a wrapper around Vec<u8> to add base64 de/serialization with serde. It also adds some helper methods to help encode inline.\n\nThis is only needed as serde-json-{core,wasm} has a horrible encoding for Vec<u8>. See also <https://github.com/CosmWasm/cosmwasm/blob/main/docs/MESSAGE_TYPES.md>.",
        "type": "string"
      },
      "Cw20ReceiveMsg": {
        "description": "Cw20ReceiveMsg should be de/serialized under `Receive()` variant in a ExecuteMsg",
        "type": "object",
        "required": [
          "amount",
          "msg",
          "sender"
        ],
        "properties": {
          "amount": {
            "$ref": "#/definitions/Uint128"
          },
          "msg": {
            "$ref": "#/definitions/Binary"
          },
          "sender": {
            "type": "string"
          }
        },
        "additionalProperties": false
      },
      "Decimal": {
        "description": "A fixed-point decimal value with 18 fractional digits, i.e. Decimal(1_000_000_000_000_000_000) == 1.0\n\nThe greatest possible value that can be represented is 340282366920938463463.374607431768211455 (which is (2^128 - 1) / 10^18)",
        "type": "string"
      },
      "FeatureToggle": {
        "description": "Pool feature toggle",
        "type": "object",
        "required": [
          "deposits_enabled",
          "swaps_enabled",
          "withdrawals_enabled"
        ],
        "properties": {
          "deposits_enabled": {
            "type": "boolean"
          },
          "swaps_enabled": {
            "type": "boolean"
          },
          "withdrawals_enabled": {
            "type": "boolean"
          }
        },
        "additionalProperties": false
      },
      "Fee": {
        "type": "object",
        "required": [
          "share"
        ],
        "properties": {
          "share": {
            "$ref": "#/definitions/Decimal"
          }
        },
        "additionalProperties": false
      },
      "PoolFee": {
        "description": "Fees used by the pools on the pool network",
        "type": "object",
        "required": [
          "burn_fee",
          "protocol_fee",
          "swap_fee"
        ],
        "properties": {
          "burn_fee": {
            "$ref": "#/definitions/Fee"
          },
          "protocol_fee": {
            "$ref": "#/definitions/Fee"
          },
          "swap_fee": {
            "$ref": "#/definitions/Fee"
          }
        },
        "additionalProperties": false
      },
      "Uint128": {
        "description": "A thin wrapper around u128 that is using strings for JSON encoding/decoding, such that the full u128 range can be used for clients that convert JSON numbers to floats, like JavaScript and jq.\n\n# Examples\n\nUse `from` to create instances of this and `u128` to get the value out:\n\n``` # use cosmwasm_std::Uint128; let a = Uint128::from(123u128); assert_eq!(a.u128(), 123);\n\nlet b = Uint128::from(42u64); assert_eq!(b.u128(), 42);\n\nlet c = Uint128::from(70u32); assert_eq!(c.u128(), 70); ```",
        "type": "string"
      }
    }
  },
  "query": {
    "$schema": "http://json-schema.org/draft-07/schema#",
    "title": "QueryMsg",
    "oneOf": [
      {
        "description": "Retrieves the info for the pair.",
        "type": "object",
        "required": [
          "pair"
        ],
        "properties": {
          "pair": {
            "type": "object",
            "additionalProperties": false
          }
        },
        "additionalProperties": false
      },
      {
        "description": "Retrieves the configuration of the pool.",
        "type": "object",
        "required": [
          "config"
        ],
        "properties": {
          "config": {
            "type": "object",
            "additionalProperties": false
          }
        },
        "additionalProperties": false
      },
      {
        "description": "Retrieves the protocol fees that have been accrued. If `all_time` is `true`, it will return the fees collected since the inception of the pool. On the other hand, if `all_time` is set to `false`, only the fees that has been accrued by the pool but not collected by the fee collector will be returned.",
        "type": "object",
        "required": [
          "protocol_fees"
        ],
        "properties": {
          "protocol_fees": {
            "type": "object",
            "properties": {
              "all_time": {
                "type": [
                  "boolean",
                  "null"
                ]
              },
              "asset_id": {
                "type": [
                  "string",
                  "null"
                ]
              }
            },
            "additionalProperties": false
          }
        },
        "additionalProperties": false
      },
      {
        "description": "Retrieves the fees that have been burned by the pool.",
        "type": "object",
        "required": [
          "burned_fees"
        ],
        "properties": {
          "burned_fees": {
            "type": "object",
            "properties": {
              "asset_id": {
                "type": [
                  "string",
                  "null"
                ]
              }
            },
            "additionalProperties": false
          }
        },
        "additionalProperties": false
      },
      {
        "description": "Retrieves the pool information.",
        "type": "object",
        "required": [
          "pool"
        ],
        "properties": {
          "pool": {
            "type": "object",
            "additionalProperties": false
          }
        },
        "additionalProperties": false
      },
      {
        "description": "Simulates a swap.",
        "type": "object",
        "required": [
          "simulation"
        ],
        "properties": {
          "simulation": {
            "type": "object",
            "required": [
              "offer_asset"
            ],
            "properties": {
              "offer_asset": {
                "$ref": "#/definitions/Asset"
              }
            },
            "additionalProperties": false
          }
        },
        "additionalProperties": false
      },
      {
        "description": "Simulates a reverse swap, i.e. given the ask asset, how much of the offer asset is needed to perform the swap.",
        "type": "object",
        "required": [
          "reverse_simulation"
        ],
        "properties": {
          "reverse_simulation": {
            "type": "object",
            "required": [
              "ask_asset"
            ],
            "properties": {
              "ask_asset": {
                "$ref": "#/definitions/Asset"
              }
            },
            "additionalProperties": false
          }
        },
        "additionalProperties": false
      }
    ],
    "definitions": {
      "Asset": {
        "type": "object",
        "required": [
          "amount",
          "info"
        ],
        "properties": {
          "amount": {
            "$ref": "#/definitions/Uint128"
          },
          "info": {
            "$ref": "#/definitions/AssetInfo"
          }
        },
        "additionalProperties": false
      },
      "AssetInfo": {
        "description": "AssetInfo contract_addr is usually passed from the cw20 hook so we can trust the contract_addr is properly validated.",
        "oneOf": [
          {
            "type": "object",
            "required": [
              "token"
            ],
            "properties": {
              "token": {
                "type": "object",
                "required": [
                  "contract_addr"
                ],
                "properties": {
                  "contract_addr": {
                    "type": "string"
                  }
                },
                "additionalProperties": false
              }
            },
            "additionalProperties": false
          },
          {
            "type": "object",
            "required": [
              "native_token"
            ],
            "properties": {
              "native_token": {
                "type": "object",
                "required": [
                  "denom"
                ],
                "properties": {
                  "denom": {
                    "type": "string"
                  }
                },
                "additionalProperties": false
              }
            },
            "additionalProperties": false
          }
        ]
      },
      "Uint128": {
        "description": "A thin wrapper around u128 that is using strings for JSON encoding/decoding, such that the full u128 range can be used for clients that convert JSON numbers to floats, like JavaScript and jq.\n\n# Examples\n\nUse `from` to create instances of this and `u128` to get the value out:\n\n``` # use cosmwasm_std::Uint128; let a = Uint128::from(123u128); assert_eq!(a.u128(), 123);\n\nlet b = Uint128::from(42u64); assert_eq!(b.u128(), 42);\n\nlet c = Uint128::from(70u32); assert_eq!(c.u128(), 70); ```",
        "type": "string"
      }
    }
  },
  "migrate": {
    "$schema": "http://json-schema.org/draft-07/schema#",
    "title": "MigrateMsg",
    "description": "We currently take no arguments for migrations",
    "type": "object",
    "additionalProperties": false
  },
  "sudo": null,
  "responses": {
    "burned_fees": {
      "$schema": "http://json-schema.org/draft-07/schema#",
      "title": "ProtocolFeesResponse",
      "description": "ReverseSimulationResponse returns reverse swap simulation response",
      "type": "object",
      "required": [
        "fees"
      ],
      "properties": {
        "fees": {
          "type": "array",
          "items": {
            "$ref": "#/definitions/Asset"
          }
        }
      },
      "additionalProperties": false,
      "definitions": {
        "Asset": {
          "type": "object",
          "required": [
            "amount",
            "info"
          ],
          "properties": {
            "amount": {
              "$ref": "#/definitions/Uint128"
            },
            "info": {
              "$ref": "#/definitions/AssetInfo"
            }
          },
          "additionalProperties": false
        },
        "AssetInfo": {
          "description": "AssetInfo contract_addr is usually passed from the cw20 hook so we can trust the contract_addr is properly validated.",
          "oneOf": [
            {
              "type": "object",
              "required": [
                "token"
              ],
              "properties": {
                "token": {
                  "type": "object",
                  "required": [
                    "contract_addr"
                  ],
                  "properties": {
                    "contract_addr": {
                      "type": "string"
                    }
                  },
                  "additionalProperties": false
                }
              },
              "additionalProperties": false
            },
            {
              "type": "object",
              "required": [
                "native_token"
              ],
              "properties": {
                "native_token": {
                  "type": "object",
                  "required": [
                    "denom"
                  ],
                  "properties": {
                    "denom": {
                      "type": "string"
                    }
                  },
                  "additionalProperties": false
                }
              },
              "additionalProperties": false
            }
          ]
        },
        "Uint128": {
          "description": "A thin wrapper around u128 that is using strings for JSON encoding/decoding, such that the full u128 range can be used for clients that convert JSON numbers to floats, like JavaScript and jq.\n\n# Examples\n\nUse `from` to create instances of this and `u128` to get the value out:\n\n``` # use cosmwasm_std::Uint128; let a = Uint128::from(123u128); assert_eq!(a.u128(), 123);\n\nlet b = Uint128::from(42u64); assert_eq!(b.u128(), 42);\n\nlet c = Uint128::from(70u32); assert_eq!(c.u128(), 70); ```",
          "type": "string"
        }
      }
    },
    "config": {
      "$schema": "http://json-schema.org/draft-07/schema#",
      "title": "Config",
      "type": "object",
      "required": [
        "feature_toggle",
        "fee_collector_addr",
        "owner",
        "pool_fees"
      ],
      "properties": {
        "feature_toggle": {
          "$ref": "#/definitions/FeatureToggle"
        },
        "fee_collector_addr": {
          "$ref": "#/definitions/Addr"
        },
        "owner": {
          "$ref": "#/definitions/Addr"
        },
        "pool_fees": {
          "$ref": "#/definitions/PoolFee"
        }
      },
      "additionalProperties": false,
      "definitions": {
        "Addr": {
          "description": "A human readable address.\n\nIn Cosmos, this is typically bech32 encoded. But for multi-chain smart contracts no assumptions should be made other than being UTF-8 encoded and of reasonable length.\n\nThis type represents a validated address. It can be created in the following ways 1. Use `Addr::unchecked(input)` 2. Use `let checked: Addr = deps.api.addr_validate(input)?` 3. Use `let checked: Addr = deps.api.addr_humanize(canonical_addr)?` 4. Deserialize from JSON. This must only be done from JSON that was validated before such as a contract's state. `Addr` must not be used in messages sent by the user because this would result in unvalidated instances.\n\nThis type is immutable. If you really need to mutate it (Really? Are you sure?), create a mutable copy using `let mut mutable = Addr::to_string()` and operate on that `String` instance.",
          "type": "string"
        },
        "Decimal": {
          "description": "A fixed-point decimal value with 18 fractional digits, i.e. Decimal(1_000_000_000_000_000_000) == 1.0\n\nThe greatest possible value that can be represented is 340282366920938463463.374607431768211455 (which is (2^128 - 1) / 10^18)",
          "type": "string"
        },
        "FeatureToggle": {
          "description": "Pool feature toggle",
          "type": "object",
          "required": [
            "deposits_enabled",
            "swaps_enabled",
            "withdrawals_enabled"
          ],
          "properties": {
            "deposits_enabled": {
              "type": "boolean"
            },
            "swaps_enabled": {
              "type": "boolean"
            },
            "withdrawals_enabled": {
              "type": "boolean"
            }
          },
          "additionalProperties": false
        },
        "Fee": {
          "type": "object",
          "required": [
            "share"
          ],
          "properties": {
            "share": {
              "$ref": "#/definitions/Decimal"
            }
          },
          "additionalProperties": false
        },
        "PoolFee": {
          "description": "Fees used by the pools on the pool network",
          "type": "object",
          "required": [
            "burn_fee",
            "protocol_fee",
            "swap_fee"
          ],
          "properties": {
            "burn_fee": {
              "$ref": "#/definitions/Fee"
            },
            "protocol_fee": {
              "$ref": "#/definitions/Fee"
            },
            "swap_fee": {
              "$ref": "#/definitions/Fee"
            }
          },
          "additionalProperties": false
        }
      }
    },
    "pair": {
      "$schema": "http://json-schema.org/draft-07/schema#",
      "title": "PairInfo",
      "type": "object",
      "required": [
        "asset_decimals",
        "asset_infos",
        "contract_addr",
        "liquidity_token",
        "pair_type"
      ],
      "properties": {
        "asset_decimals": {
          "type": "array",
          "items": {
            "type": "integer",
            "format": "uint8",
            "minimum": 0.0
          },
          "maxItems": 2,
          "minItems": 2
        },
        "asset_infos": {
          "type": "array",
          "items": {
            "$ref": "#/definitions/AssetInfo"
          },
          "maxItems": 2,
          "minItems": 2
        },
        "contract_addr": {
          "type": "string"
        },
        "liquidity_token": {
          "type": "string"
        },
        "pair_type": {
          "$ref": "#/definitions/PairType"
        }
      },
      "additionalProperties": false,
      "definitions": {
        "AssetInfo": {
          "description": "AssetInfo contract_addr is usually passed from the cw20 hook so we can trust the contract_addr is properly validated.",
          "oneOf": [
            {
              "type": "object",
              "required": [
                "token"
              ],
              "properties": {
                "token": {
                  "type": "object",
                  "required": [
                    "contract_addr"
                  ],
                  "properties": {
                    "contract_addr": {
                      "type": "string"
                    }
                  },
                  "additionalProperties": false
                }
              },
              "additionalProperties": false
            },
            {
              "type": "object",
              "required": [
                "native_token"
              ],
              "properties": {
                "native_token": {
                  "type": "object",
                  "required": [
                    "denom"
                  ],
                  "properties": {
                    "denom": {
                      "type": "string"
                    }
                  },
                  "additionalProperties": false
                }
              },
              "additionalProperties": false
            }
          ]
        },
        "PairType": {
          "oneOf": [
            {
              "type": "string",
              "enum": [
                "constant_product"
              ]
            },
            {
              "type": "object",
              "required": [
                "stable_swap"
              ],
              "properties": {
                "stable_swap": {
                  "type": "object",
                  "required": [
                    "amp"
                  ],
                  "properties": {
                    "amp": {
                      "description": "The amount of amplification to perform on the constant product part of the swap formula.",
                      "type": "integer",
                      "format": "uint64",
                      "minimum": 0.0
                    }
                  },
                  "additionalProperties": false
                }
              },
              "additionalProperties": false
            }
          ]
        }
      }
    },
    "pool": {
      "$schema": "http://json-schema.org/draft-07/schema#",
      "title": "PoolResponse",
      "description": "We define a custom struct for each query response",
      "type": "object",
      "required": [
        "assets",
        "total_share"
      ],
      "properties": {
        "assets": {
          "type": "array",
          "items": {
            "$ref": "#/definitions/Asset"
          }
        },
        "total_share": {
          "$ref": "#/definitions/Uint128"
        }
      },
      "additionalProperties": false,
      "definitions": {
        "Asset": {
          "type": "object",
          "required": [
            "amount",
            "info"
          ],
          "properties": {
            "amount": {
              "$ref": "#/definitions/Uint128"
            },
            "info": {
              "$ref": "#/definitions/AssetInfo"
            }
          },
          "additionalProperties": false
        },
        "AssetInfo": {
          "description": "AssetInfo contract_addr is usually passed from the cw20 hook so we can trust the contract_addr is properly validated.",
          "oneOf": [
            {
              "type": "object",
              "required": [
                "token"
              ],
              "properties": {
                "token": {
                  "type": "object",
                  "required": [
                    "contract_addr"
                  ],
                  "properties": {
                    "contract_addr": {
                      "type": "string"
                    }
                  },
                  "additionalProperties": false
                }
              },
              "additionalProperties": false
            },
            {
              "type": "object",
              "required": [
                "native_token"
              ],
              "properties": {
                "native_token": {
                  "type": "object",
                  "required": [
                    "denom"
                  ],
                  "properties": {
                    "denom": {
                      "type": "string"
                    }
                  },
                  "additionalProperties": false
                }
              },
              "additionalProperties": false
            }
          ]
        },
        "Uint128": {
          "description": "A thin wrapper around u128 that is using strings for JSON encoding/decoding, such that the full u128 range can be used for clients that convert JSON numbers to floats, like JavaScript and jq.\n\n# Examples\n\nUse `from` to create instances of this and `u128` to get the value out:\n\n``` # use cosmwasm_std::Uint128; let a = Uint128::from(123u128); assert_eq!(a.u128(), 123);\n\nlet b = Uint128::from(42u64); assert_eq!(b.u128(), 42);\n\nlet c = Uint128::from(70u32); assert_eq!(c.u128(), 70); ```",
          "type": "string"
        }
      }
    },
    "protocol_fees": {
      "$schema": "http://json-schema.org/draft-07/schema#",
      "title": "ProtocolFeesResponse",
      "description": "ReverseSimulationResponse returns reverse swap simulation response",
      "type": "object",
      "required": [
        "fees"
      ],
      "properties": {
        "fees": {
          "type": "array",
          "items": {
            "$ref": "#/definitions/Asset"
          }
        }
      },
      "additionalProperties": false,
      "definitions": {
        "Asset": {
          "type": "object",
          "required": [
            "amount",
            "info"
          ],
          "properties": {
            "amount": {
              "$ref": "#/definitions/Uint128"
            },
            "info": {
              "$ref": "#/definitions/AssetInfo"
            }
          },
          "additionalProperties": false
        },
        "AssetInfo": {
          "description": "AssetInfo contract_addr is usually passed from the cw20 hook so we can trust the contract_addr is properly validated.",
          "oneOf": [
            {
              "type": "object",
              "required": [
                "token"
              ],
              "properties": {
                "token": {
                  "type": "object",
                  "required": [
                    "contract_addr"
                  ],
                  "properties": {
                    "contract_addr": {
                      "type": "string"
                    }
                  },
                  "additionalProperties": false
                }
              },
              "additionalProperties": false
            },
            {
              "type": "object",
              "required": [
                "native_token"
              ],
              "properties": {
                "native_token": {
                  "type": "object",
                  "required": [
                    "denom"
                  ],
                  "properties": {
                    "denom": {
                      "type": "string"
                    }
                  },
                  "additionalProperties": false
                }
              },
              "additionalProperties": false
            }
          ]
        },
        "Uint128": {
          "description": "A thin wrapper around u128 that is using strings for JSON encoding/decoding, such that the full u128 range can be used for clients that convert JSON numbers to floats, like JavaScript and jq.\n\n# Examples\n\nUse `from` to create instances of this and `u128` to get the value out:\n\n``` # use cosmwasm_std::Uint128; let a = Uint128::from(123u128); assert_eq!(a.u128(), 123);\n\nlet b = Uint128::from(42u64); assert_eq!(b.u128(), 42);\n\nlet c = Uint128::from(70u32); assert_eq!(c.u128(), 70); ```",
          "type": "string"
        }
      }
    },
    "reverse_simulation": {
      "$schema": "http://json-schema.org/draft-07/schema#",
      "title": "ReverseSimulationResponse",
      "description": "ReverseSimulationResponse returns reverse swap simulation response",
      "type": "object",
      "required": [
        "burn_fee_amount",
        "offer_amount",
        "protocol_fee_amount",
        "spread_amount",
        "swap_fee_amount"
      ],
      "properties": {
        "burn_fee_amount": {
          "$ref": "#/definitions/Uint128"
        },
        "offer_amount": {
          "$ref": "#/definitions/Uint128"
        },
        "protocol_fee_amount": {
          "$ref": "#/definitions/Uint128"
        },
        "spread_amount": {
          "$ref": "#/definitions/Uint128"
        },
        "swap_fee_amount": {
          "$ref": "#/definitions/Uint128"
        }
      },
      "additionalProperties": false,
      "definitions": {
        "Uint128": {
          "description": "A thin wrapper around u128 that is using strings for JSON encoding/decoding, such that the full u128 range can be used for clients that convert JSON numbers to floats, like JavaScript and jq.\n\n# Examples\n\nUse `from` to create instances of this and `u128` to get the value out:\n\n``` # use cosmwasm_std::Uint128; let a = Uint128::from(123u128); assert_eq!(a.u128(), 123);\n\nlet b = Uint128::from(42u64); assert_eq!(b.u128(), 42);\n\nlet c = Uint128::from(70u32); assert_eq!(c.u128(), 70); ```",
          "type": "string"
        }
      }
    },
    "simulation": {
      "$schema": "http://json-schema.org/draft-07/schema#",
      "title": "SimulationResponse",
      "description": "SimulationResponse returns swap simulation response",
      "type": "object",
      "required": [
        "burn_fee_amount",
        "protocol_fee_amount",
        "return_amount",
        "spread_amount",
        "swap_fee_amount"
      ],
      "properties": {
        "burn_fee_amount": {
          "$ref": "#/definitions/Uint128"
        },
        "protocol_fee_amount": {
          "$ref": "#/definitions/Uint128"
        },
        "return_amount": {
          "$ref": "#/definitions/Uint128"
        },
        "spread_amount": {
          "$ref": "#/definitions/Uint128"
        },
        "swap_fee_amount": {
          "$ref": "#/definitions/Uint128"
        }
      },
      "additionalProperties": false,
      "definitions": {
        "Uint128": {
          "description": "A thin wrapper around u128 that is using strings for JSON encoding/decoding, such that the full u128 range can be used for clients that convert JSON numbers to floats, like JavaScript and jq.\n\n# Examples\n\nUse `from` to create instances of this and `u128` to get the value out:\n\n``` # use cosmwasm_std::Uint128; let a = Uint128::from(123u128); assert_eq!(a.u128(), 123);\n\nlet b = Uint128::from(42u64); assert_eq!(b.u128(), 42);\n\nlet c = Uint128::from(70u32); assert_eq!(c.u128(), 70); ```",
          "type": "string"
        }
      }
    }
  }
}
