{
  "contract_name": "vault_router",
  "contract_version": "1.0.0",
  "idl_version": "1.0.0",
  "instantiate": {
    "$schema": "http://json-schema.org/draft-07/schema#",
    "title": "InstantiateMsg",
    "description": "The instantiation message",
    "type": "object",
    "required": [
      "owner",
      "vault_factory_addr"
    ],
    "properties": {
      "owner": {
        "description": "The owner of the router",
        "type": "string"
      },
      "vault_factory_addr": {
        "description": "The address for the vault factory",
        "type": "string"
      }
    },
    "additionalProperties": false
  },
  "execute": {
    "$schema": "http://json-schema.org/draft-07/schema#",
    "title": "ExecuteMsg",
    "description": "The execution message",
    "oneOf": [
      {
        "description": "Retrieves the desired `assets` and runs the `msgs`, paying the required amount back the vaults after running the messages, and returning the profit to the sender.",
        "type": "object",
        "required": [
          "flash_loan"
        ],
        "properties": {
          "flash_loan": {
            "type": "object",
            "required": [
              "assets",
              "msgs"
            ],
            "properties": {
              "assets": {
                "type": "array",
                "items": {
                  "$ref": "#/definitions/Asset"
                }
              },
              "msgs": {
                "type": "array",
                "items": {
                  "$ref": "#/definitions/CosmosMsg_for_Empty"
                }
              }
            },
            "additionalProperties": false
          }
        },
        "additionalProperties": false
      },
      {
        "description": "Updates the configuration of the vault router.\n\nIf a field is not specified, it will not be modified.",
        "type": "object",
        "required": [
          "update_config"
        ],
        "properties": {
          "update_config": {
            "type": "object",
            "properties": {
              "owner": {
                "type": [
                  "string",
                  "null"
                ]
              },
              "vault_factory_addr": {
                "type": [
                  "string",
                  "null"
                ]
              }
            },
            "additionalProperties": false
          }
        },
        "additionalProperties": false
      },
      {
        "description": "Performs the next loan.\n\nShould only be called by internal contract.",
        "type": "object",
        "required": [
          "next_loan"
        ],
        "properties": {
          "next_loan": {
            "type": "object",
            "required": [
              "initiator",
              "loaned_assets",
              "payload",
              "source_vault",
              "source_vault_asset_info",
              "to_loan"
            ],
            "properties": {
              "initiator": {
                "description": "The person to pay back all profits to",
                "allOf": [
                  {
                    "$ref": "#/definitions/Addr"
                  }
                ]
              },
              "loaned_assets": {
                "description": "The assets that have been loaned",
                "type": "array",
                "items": {
                  "type": "array",
                  "items": [
                    {
                      "type": "string"
                    },
                    {
                      "$ref": "#/definitions/Asset"
                    }
                  ],
                  "maxItems": 2,
                  "minItems": 2
                }
              },
              "payload": {
                "description": "The final message to run once all assets have been loaned.",
                "type": "array",
                "items": {
                  "$ref": "#/definitions/CosmosMsg_for_Empty"
                }
              },
              "source_vault": {
                "description": "The vault contract that calls the [NextLoan] message",
                "type": "string"
              },
              "source_vault_asset_info": {
                "description": "The source vault's [AssetInfo]. Used for validation.",
                "allOf": [
                  {
                    "$ref": "#/definitions/AssetInfo"
                  }
                ]
              },
              "to_loan": {
                "description": "The next loans to run.",
                "type": "array",
                "items": {
                  "type": "array",
                  "items": [
                    {
                      "type": "string"
                    },
                    {
                      "$ref": "#/definitions/Asset"
                    }
                  ],
                  "maxItems": 2,
                  "minItems": 2
                }
              }
            },
            "additionalProperties": false
          }
        },
        "additionalProperties": false
      },
      {
        "description": "Completes the flash-loan by paying back all outstanding loans, and returning profits to the sender.\n\nShould only be called by internal contract.",
        "type": "object",
        "required": [
          "complete_loan"
        ],
        "properties": {
          "complete_loan": {
            "type": "object",
            "required": [
              "initiator",
              "loaned_assets"
            ],
            "properties": {
              "initiator": {
                "description": "The person to pay back all profits to",
                "allOf": [
                  {
                    "$ref": "#/definitions/Addr"
                  }
                ]
              },
              "loaned_assets": {
                "description": "A vec of tuples where the first value represents the vault address, and the second value represents the loan size",
                "type": "array",
                "items": {
                  "type": "array",
                  "items": [
                    {
                      "type": "string"
                    },
                    {
                      "$ref": "#/definitions/Asset"
                    }
                  ],
                  "maxItems": 2,
                  "minItems": 2
                }
              }
            },
            "additionalProperties": false
          }
        },
        "additionalProperties": false
      }
    ],
    "definitions": {
      "Addr": {
        "description": "A human readable address.\n\nIn Cosmos, this is typically bech32 encoded. But for multi-chain smart contracts no assumptions should be made other than being UTF-8 encoded and of reasonable length.\n\nThis type represents a validated address. It can be created in the following ways 1. Use `Addr::unchecked(input)` 2. Use `let checked: Addr = deps.api.addr_validate(input)?` 3. Use `let checked: Addr = deps.api.addr_humanize(canonical_addr)?` 4. Deserialize from JSON. This must only be done from JSON that was validated before such as a contract's state. `Addr` must not be used in messages sent by the user because this would result in unvalidated instances.\n\nThis type is immutable. If you really need to mutate it (Really? Are you sure?), create a mutable copy using `let mut mutable = Addr::to_string()` and operate on that `String` instance.",
        "type": "string"
      },
      "Asset": {
        "type": "object",
        "required": [
          "amount",
          "info"
        ],
        "properties": {
          "amount": {
            "$ref": "#/definitions/Uint128"
          },
          "info": {
            "$ref": "#/definitions/AssetInfo"
          }
        },
        "additionalProperties": false
      },
      "AssetInfo": {
        "description": "AssetInfo contract_addr is usually passed from the cw20 hook so we can trust the contract_addr is properly validated.",
        "oneOf": [
          {
            "type": "object",
            "required": [
              "token"
            ],
            "properties": {
              "token": {
                "type": "object",
                "required": [
                  "contract_addr"
                ],
                "properties": {
                  "contract_addr": {
                    "type": "string"
                  }
                },
                "additionalProperties": false
              }
            },
            "additionalProperties": false
          },
          {
            "type": "object",
            "required": [
              "native_token"
            ],
            "properties": {
              "native_token": {
                "type": "object",
                "required": [
                  "denom"
                ],
                "properties": {
                  "denom": {
                    "type": "string"
                  }
                },
                "additionalProperties": false
              }
            },
            "additionalProperties": false
          }
        ]
      },
      "BankMsg": {
        "description": "The message types of the bank module.\n\nSee https://github.com/cosmos/cosmos-sdk/blob/v0.40.0/proto/cosmos/bank/v1beta1/tx.proto",
        "oneOf": [
          {
            "description": "Sends native tokens from the contract to the given address.\n\nThis is translated to a [MsgSend](https://github.com/cosmos/cosmos-sdk/blob/v0.40.0/proto/cosmos/bank/v1beta1/tx.proto#L19-L28). `from_address` is automatically filled with the current contract's address.",
            "type": "object",
            "required": [
              "send"
            ],
            "properties": {
              "send": {
                "type": "object",
                "required": [
                  "amount",
                  "to_address"
                ],
                "properties": {
                  "amount": {
                    "type": "array",
                    "items": {
                      "$ref": "#/definitions/Coin"
                    }
                  },
                  "to_address": {
                    "type": "string"
                  }
                }
              }
            },
            "additionalProperties": false
          },
          {
            "description": "This will burn the given coins from the contract's account. There is no Cosmos SDK message that performs this, but it can be done by calling the bank keeper. Important if a contract controls significant token supply that must be retired.",
            "type": "object",
            "required": [
              "burn"
            ],
            "properties": {
              "burn": {
                "type": "object",
                "required": [
                  "amount"
                ],
                "properties": {
                  "amount": {
                    "type": "array",
                    "items": {
                      "$ref": "#/definitions/Coin"
                    }
                  }
                }
              }
            },
            "additionalProperties": false
          }
        ]
      },
      "Binary": {
        "description": "Binary is a wrapper around Vec<u8> to add base64 de/serialization with serde. It also adds some helper methods to help encode inline.\n\nThis is only needed as serde-json-{core,wasm} has a horrible encoding for Vec<u8>. See also <https://github.com/CosmWasm/cosmwasm/blob/main/docs/MESSAGE_TYPES.md>.",
        "type": "string"
      },
      "Coin": {
        "type": "object",
        "required": [
          "amount",
          "denom"
        ],
        "properties": {
          "amount": {
            "$ref": "#/definitions/Uint128"
          },
          "denom": {
            "type": "string"
          }
        }
      },
      "CosmosMsg_for_Empty": {
        "oneOf": [
          {
            "type": "object",
            "required": [
              "bank"
            ],
            "properties": {
              "bank": {
                "$ref": "#/definitions/BankMsg"
              }
            },
            "additionalProperties": false
          },
          {
            "type": "object",
            "required": [
              "custom"
            ],
            "properties": {
              "custom": {
                "$ref": "#/definitions/Empty"
              }
            },
            "additionalProperties": false
          },
          {
            "type": "object",
            "required": [
              "staking"
            ],
            "properties": {
              "staking": {
                "$ref": "#/definitions/StakingMsg"
              }
            },
            "additionalProperties": false
          },
          {
            "type": "object",
            "required": [
              "distribution"
            ],
            "properties": {
              "distribution": {
                "$ref": "#/definitions/DistributionMsg"
              }
            },
            "additionalProperties": false
          },
          {
            "type": "object",
            "required": [
              "wasm"
            ],
            "properties": {
              "wasm": {
                "$ref": "#/definitions/WasmMsg"
              }
            },
            "additionalProperties": false
          }
        ]
      },
      "DistributionMsg": {
        "description": "The message types of the distribution module.\n\nSee https://github.com/cosmos/cosmos-sdk/blob/v0.42.4/proto/cosmos/distribution/v1beta1/tx.proto",
        "oneOf": [
          {
            "description": "This is translated to a [MsgSetWithdrawAddress](https://github.com/cosmos/cosmos-sdk/blob/v0.42.4/proto/cosmos/distribution/v1beta1/tx.proto#L29-L37). `delegator_address` is automatically filled with the current contract's address.",
            "type": "object",
            "required": [
              "set_withdraw_address"
            ],
            "properties": {
              "set_withdraw_address": {
                "type": "object",
                "required": [
                  "address"
                ],
                "properties": {
                  "address": {
                    "description": "The `withdraw_address`",
                    "type": "string"
                  }
                }
              }
            },
            "additionalProperties": false
          },
          {
            "description": "This is translated to a [[MsgWithdrawDelegatorReward](https://github.com/cosmos/cosmos-sdk/blob/v0.42.4/proto/cosmos/distribution/v1beta1/tx.proto#L42-L50). `delegator_address` is automatically filled with the current contract's address.",
            "type": "object",
            "required": [
              "withdraw_delegator_reward"
            ],
            "properties": {
              "withdraw_delegator_reward": {
                "type": "object",
                "required": [
                  "validator"
                ],
                "properties": {
                  "validator": {
                    "description": "The `validator_address`",
                    "type": "string"
                  }
                }
              }
            },
            "additionalProperties": false
          }
        ]
      },
      "Empty": {
        "description": "An empty struct that serves as a placeholder in different places, such as contracts that don't set a custom message.\n\nIt is designed to be expressable in correct JSON and JSON Schema but contains no meaningful data. Previously we used enums without cases, but those cannot represented as valid JSON Schema (https://github.com/CosmWasm/cosmwasm/issues/451)",
        "type": "object"
      },
      "StakingMsg": {
        "description": "The message types of the staking module.\n\nSee https://github.com/cosmos/cosmos-sdk/blob/v0.40.0/proto/cosmos/staking/v1beta1/tx.proto",
        "oneOf": [
          {
            "description": "This is translated to a [MsgDelegate](https://github.com/cosmos/cosmos-sdk/blob/v0.40.0/proto/cosmos/staking/v1beta1/tx.proto#L81-L90). `delegator_address` is automatically filled with the current contract's address.",
            "type": "object",
            "required": [
              "delegate"
            ],
            "properties": {
              "delegate": {
                "type": "object",
                "required": [
                  "amount",
                  "validator"
                ],
                "properties": {
                  "amount": {
                    "$ref": "#/definitions/Coin"
                  },
                  "validator": {
                    "type": "string"
                  }
                }
              }
            },
            "additionalProperties": false
          },
          {
            "description": "This is translated to a [MsgUndelegate](https://github.com/cosmos/cosmos-sdk/blob/v0.40.0/proto/cosmos/staking/v1beta1/tx.proto#L112-L121). `delegator_address` is automatically filled with the current contract's address.",
            "type": "object",
            "required": [
              "undelegate"
            ],
            "properties": {
              "undelegate": {
                "type": "object",
                "required": [
                  "amount",
                  "validator"
                ],
                "properties": {
                  "amount": {
                    "$ref": "#/definitions/Coin"
                  },
                  "validator": {
                    "type": "string"
                  }
                }
              }
            },
            "additionalProperties": false
          },
          {
            "description": "This is translated to a [MsgBeginRedelegate](https://github.com/cosmos/cosmos-sdk/blob/v0.40.0/proto/cosmos/staking/v1beta1/tx.proto#L95-L105). `delegator_address` is automatically filled with the current contract's address.",
            "type": "object",
            "required": [
              "redelegate"
            ],
            "properties": {
              "redelegate": {
                "type": "object",
                "required": [
                  "amount",
                  "dst_validator",
                  "src_validator"
                ],
                "properties": {
                  "amount": {
                    "$ref": "#/definitions/Coin"
                  },
                  "dst_validator": {
                    "type": "string"
                  },
                  "src_validator": {
                    "type": "string"
                  }
                }
              }
            },
            "additionalProperties": false
          }
        ]
      },
      "Uint128": {
        "description": "A thin wrapper around u128 that is using strings for JSON encoding/decoding, such that the full u128 range can be used for clients that convert JSON numbers to floats, like JavaScript and jq.\n\n# Examples\n\nUse `from` to create instances of this and `u128` to get the value out:\n\n``` # use cosmwasm_std::Uint128; let a = Uint128::from(123u128); assert_eq!(a.u128(), 123);\n\nlet b = Uint128::from(42u64); assert_eq!(b.u128(), 42);\n\nlet c = Uint128::from(70u32); assert_eq!(c.u128(), 70); ```",
        "type": "string"
      },
      "WasmMsg": {
        "description": "The message types of the wasm module.\n\nSee https://github.com/CosmWasm/wasmd/blob/v0.14.0/x/wasm/internal/types/tx.proto",
        "oneOf": [
          {
            "description": "Dispatches a call to another contract at a known address (with known ABI).\n\nThis is translated to a [MsgExecuteContract](https://github.com/CosmWasm/wasmd/blob/v0.14.0/x/wasm/internal/types/tx.proto#L68-L78). `sender` is automatically filled with the current contract's address.",
            "type": "object",
            "required": [
              "execute"
            ],
            "properties": {
              "execute": {
                "type": "object",
                "required": [
                  "contract_addr",
                  "funds",
                  "msg"
                ],
                "properties": {
                  "contract_addr": {
                    "type": "string"
                  },
                  "funds": {
                    "type": "array",
                    "items": {
                      "$ref": "#/definitions/Coin"
                    }
                  },
                  "msg": {
                    "description": "msg is the json-encoded ExecuteMsg struct (as raw Binary)",
                    "allOf": [
                      {
                        "$ref": "#/definitions/Binary"
                      }
                    ]
                  }
                }
              }
            },
            "additionalProperties": false
          },
          {
            "description": "Instantiates a new contracts from previously uploaded Wasm code.\n\nThis is translated to a [MsgInstantiateContract](https://github.com/CosmWasm/wasmd/blob/v0.16.0-alpha1/x/wasm/internal/types/tx.proto#L47-L61). `sender` is automatically filled with the current contract's address.",
            "type": "object",
            "required": [
              "instantiate"
            ],
            "properties": {
              "instantiate": {
                "type": "object",
                "required": [
                  "code_id",
                  "funds",
                  "label",
                  "msg"
                ],
                "properties": {
                  "admin": {
                    "type": [
                      "string",
                      "null"
                    ]
                  },
                  "code_id": {
                    "type": "integer",
                    "format": "uint64",
                    "minimum": 0.0
                  },
                  "funds": {
                    "type": "array",
                    "items": {
                      "$ref": "#/definitions/Coin"
                    }
                  },
                  "label": {
                    "description": "A human-readbale label for the contract",
                    "type": "string"
                  },
                  "msg": {
                    "description": "msg is the JSON-encoded InstantiateMsg struct (as raw Binary)",
                    "allOf": [
                      {
                        "$ref": "#/definitions/Binary"
                      }
                    ]
                  }
                }
              }
            },
            "additionalProperties": false
          },
          {
            "description": "Migrates a given contracts to use new wasm code. Passes a MigrateMsg to allow us to customize behavior.\n\nOnly the contract admin (as defined in wasmd), if any, is able to make this call.\n\nThis is translated to a [MsgMigrateContract](https://github.com/CosmWasm/wasmd/blob/v0.14.0/x/wasm/internal/types/tx.proto#L86-L96). `sender` is automatically filled with the current contract's address.",
            "type": "object",
            "required": [
              "migrate"
            ],
            "properties": {
              "migrate": {
                "type": "object",
                "required": [
                  "contract_addr",
                  "msg",
                  "new_code_id"
                ],
                "properties": {
                  "contract_addr": {
                    "type": "string"
                  },
                  "msg": {
                    "description": "msg is the json-encoded MigrateMsg struct that will be passed to the new code",
                    "allOf": [
                      {
                        "$ref": "#/definitions/Binary"
                      }
                    ]
                  },
                  "new_code_id": {
                    "description": "the code_id of the new logic to place in the given contract",
                    "type": "integer",
                    "format": "uint64",
                    "minimum": 0.0
                  }
                }
              }
            },
            "additionalProperties": false
          },
          {
            "description": "Sets a new admin (for migrate) on the given contract. Fails if this contract is not currently admin of the target contract.",
            "type": "object",
            "required": [
              "update_admin"
            ],
            "properties": {
              "update_admin": {
                "type": "object",
                "required": [
                  "admin",
                  "contract_addr"
                ],
                "properties": {
                  "admin": {
                    "type": "string"
                  },
                  "contract_addr": {
                    "type": "string"
                  }
                }
              }
            },
            "additionalProperties": false
          },
          {
            "description": "Clears the admin on the given contract, so no more migration possible. Fails if this contract is not currently admin of the target contract.",
            "type": "object",
            "required": [
              "clear_admin"
            ],
            "properties": {
              "clear_admin": {
                "type": "object",
                "required": [
                  "contract_addr"
                ],
                "properties": {
                  "contract_addr": {
                    "type": "string"
                  }
                }
              }
            },
            "additionalProperties": false
          }
        ]
      }
    }
  },
  "query": {
    "$schema": "http://json-schema.org/draft-07/schema#",
    "title": "QueryMsg",
    "description": "The query message",
    "oneOf": [
      {
        "description": "Retrieves the configuration of the vault router.",
        "type": "object",
        "required": [
          "config"
        ],
        "properties": {
          "config": {
            "type": "object",
            "additionalProperties": false
          }
        },
        "additionalProperties": false
      }
    ]
  },
  "migrate": {
    "$schema": "http://json-schema.org/draft-07/schema#",
    "title": "MigrateMsg",
    "description": "The migrate message",
    "type": "object",
    "additionalProperties": false
  },
  "sudo": null,
  "responses": {
    "config": {
      "$schema": "http://json-schema.org/draft-07/schema#",
      "title": "Config",
      "type": "object",
      "required": [
        "owner",
        "vault_factory"
      ],
      "properties": {
        "owner": {
          "description": "The owner of the router to update configuration",
          "allOf": [
            {
              "$ref": "#/definitions/Addr"
            }
          ]
        },
        "vault_factory": {
          "description": "The address of the vault factory",
          "allOf": [
            {
              "$ref": "#/definitions/Addr"
            }
          ]
        }
      },
      "additionalProperties": false,
      "definitions": {
        "Addr": {
          "description": "A human readable address.\n\nIn Cosmos, this is typically bech32 encoded. But for multi-chain smart contracts no assumptions should be made other than being UTF-8 encoded and of reasonable length.\n\nThis type represents a validated address. It can be created in the following ways 1. Use `Addr::unchecked(input)` 2. Use `let checked: Addr = deps.api.addr_validate(input)?` 3. Use `let checked: Addr = deps.api.addr_humanize(canonical_addr)?` 4. Deserialize from JSON. This must only be done from JSON that was validated before such as a contract's state. `Addr` must not be used in messages sent by the user because this would result in unvalidated instances.\n\nThis type is immutable. If you really need to mutate it (Really? Are you sure?), create a mutable copy using `let mut mutable = Addr::to_string()` and operate on that `String` instance.",
          "type": "string"
        }
      }
    }
  }
}
